<?xml version="1.0" encoding="UTF-8"?>
<jcr:root xmlns:sling="http://sling.apache.org/jcr/sling/1.0" xmlns:cq="http://www.day.com/jcr/cq/1.0" xmlns:jcr="http://www.jcp.org/jcr/1.0" xmlns:nt="http://www.jcp.org/jcr/nt/1.0"
    jcr:primaryType="cq:Page">
    <jcr:content
        cq:lastModified="{Date}2017-08-28T14:09:03.043-04:00"
        cq:lastModifiedBy="admin"
        cq:template="/apps/sample-zoo-dotnet/@mirror/templates/page/generic"
        jcr:description="Components Rendered in App"
        jcr:primaryType="cq:PageContent"
        jcr:title="Zoo DotNet Terrestrial page"
        sling:resourceType="sample-zoo-dotnet/@mirror/components/page/generic"
        aesr.mirror.url="/terrestrial">
        <cards jcr:primaryType="nt:unstructured">
            <card0
                jcr:lastModified="{Date}2017-06-21T11:16:38.682-04:00"
                jcr:lastModifiedBy="admin"
                jcr:primaryType="nt:unstructured"
                sling:resourceType="sample-zoo-dotnet/components/common/animalcard"
                description="&lt;p>Panda description&lt;/p>&#xa;"
                title="Panda">
                <image
                    jcr:lastModified="{Date}2017-06-21T11:16:38.682-04:00"
                    jcr:lastModifiedBy="admin"
                    jcr:primaryType="nt:unstructured"
                    sling:resourceType="foundation/components/image"
                    filePath="/content/sample-zoo-dotnet/terrestrial/jcr:content/cards/card0/image/file"
                    imageRotate="0">
                    <file/>
                </image>
            </card0>
            <card1
                jcr:lastModified="{Date}2017-06-21T11:16:59.637-04:00"
                jcr:lastModifiedBy="admin"
                jcr:primaryType="nt:unstructured"
                sling:resourceType="sample-zoo-dotnet/components/common/animalcard"
                description="&lt;p>Elephant description&lt;/p>&#xa;"
                title="Elephant">
                <image
                    jcr:lastModified="{Date}2017-06-21T11:16:59.637-04:00"
                    jcr:lastModifiedBy="admin"
                    jcr:primaryType="nt:unstructured"
                    sling:resourceType="foundation/components/image"
                    filePath="/content/sample-zoo-dotnet/terrestrial/jcr:content/cards/card1/image/file"
                    imageRotate="0">
                    <file/>
                </image>
            </card1>
        </cards>
        <links jcr:primaryType="nt:unstructured">
            <link0
                jcr:lastModified="{Date}2017-06-21T11:17:11.135-04:00"
                jcr:lastModifiedBy="admin"
                jcr:primaryType="nt:unstructured"
                sling:resourceType="sample-zoo-dotnet/components/common/linkbutton"
                href="./"
                text="Homepage"/>
            <link1
                jcr:lastModified="{Date}2017-08-28T14:09:03.040-04:00"
                jcr:lastModifiedBy="admin"
                jcr:primaryType="nt:unstructured"
                sling:resourceType="sample-zoo-dotnet/components/common/linkbutton"
                href="aquatic"
                text="See Aquatic"/>
        </links>
    </jcr:content>
</jcr:root>
